true_class,Apple - apple scab,Apple - black rot,Apple - cedar apple rust,Cherry - powdery mildew,Grape - esca black measles,Grape - leaf blight,Orange - citrus greening,Peach - bacterial spot,Strawberry - leaf scorch,Rejected
Apple - apple scab,0.9904761904761905,0.007936507936507936,0.0015873015873015873,0.0,0.0,0.0,0.0,0.0,0.0,0.0
Apple - black rot,0.0,1.0,0.0,0.0,0.0,0.0,0.0,0.0,0.0,0.0
Apple - cedar apple rust,0.0,0.0,1.0,0.0,0.0,0.0,0.0,0.0,0.0,0.0
Cherry - powdery mildew,0.0,0.0,0.0,0.5722433460076046,0.0,0.0,0.0,0.0,0.0,0.4277566539923955
Grape - esca black measles,0.0,0.0,0.0,0.0,1.0,0.0,0.0,0.0,0.0,0.0
Grape - leaf blight,0.0,0.0,0.0,0.0,0.0,1.0,0.0,0.0,0.0,0.0
Orange - citrus greening,0.0,0.0,0.0,0.0,0.0,0.0,0.6920283275830761,0.0,0.0,0.30797167241692386
Peach - bacterial spot,0.0,0.0,0.0,0.0,0.0,0.0,0.0,0.6492816717457555,0.0,0.35071832825424465
Strawberry - leaf scorch,0.0,0.0,0.0,0.0,0.0,0.0,0.0,0.0,0.981785392245266,0.018214607754733998
